Sample,X(ms) [03.06.2012 08:21:14 460 UTC],"Data_block_1".Pressure_PV,"Data_block_1".Pressure_SP
0,0.000000,2.01648044586182,2
1,103.629900,2.01666355133057,2
2,203.565700,2.01245188713074,2
3,299.070960,2.01153635978699,2
4,395.735740,2.01080393791199,2
5,498.396620,2.00915575027466,2
6,597.958660,2.00695848464966,2
7,686.809980,2.00402855873108,2
8,791.238700,2.00366234779358,2
9,904.092620,2.00201439857483,2
10,992.643940,1.9996337890625,2
11,1080.963220,1.99816882610321,2
12,1177.831400,1.99615454673767,2
13,1293.445560,1.99487268924713,2
14,1386.739440,1.99395716190338,2
15,1474.907620,1.99230909347534,2
16,1567.690700,1.9899286031723,2
17,1683.036160,1.98773121833801,2
18,1778.700380,1.98736500740051,2
19,1867.596260,1.98498439788818,2
20,1955.940140,1.98425197601318,2
21,2071.958500,1.98260390758514,2
22,2166.093420,1.98187148571014,2
23,2254.769580,1.9809558391571,2
24,2351.003020,1.97875845432281,2
25,2466.052440,1.97692728042603,2
26,2565.622560,1.97491300106049,2
27,2654.337200,1.97491300106049,2
28,2742.467020,1.97454679012299,2
29,2854.939880,1.9730818271637,2
30,2951.860840,1.97125065326691,2
31,3040.105340,1.97033512592316,2
32,3128.551560,1.96923637390137,2
33,3234.713060,1.96758830547333,2
34,3344.542880,1.96740520000458,2
35,3439.343360,1.96594035625458,2
36,3527.992480,1.96520781517029,2
37,3632.322340,1.96136236190796,2
38,3737.344380,1.96172857284546,2
39,3825.897880,1.96081304550171,2
40,3914.721080,1.96154546737671,2
41,4013.507920,1.96154546737671,2
42,4124.683740,1.95953118801117,2
43,4213.471720,1.95989739894867,2
44,4309.994680,1.95678448677063,2
45,4411.393020,1.95733380317688,2
46,4524.682460,1.95531952381134,2
47,4613.578140,1.95513641834259,2
48,4701.839960,1.95440399646759,2
49,4791.868160,1.9525728225708,2
50,4907.060220,1.95202338695526,2
51,4999.660540,1.9522066116333,2
52,5087.929300,1.95129096508026,2
53,5176.021600,1.94982600212097,2
54,5287.557340,1.94964289665222,2
55,5396.961580,1.94982600212097,2
56,5485.509520,1.94817793369293,2
57,5573.962840,1.94762861728668,2
58,5668.915060,1.94762861728668,2
59,5784.017540,1.94726240634918,2
60,5873.015720,1.94726240634918,2
61,5961.441280,1.94616365432739,2
62,6049.727720,1.94707930088043,2
63,6165.077320,1.94652998447418,2
64,6267.734080,1.94543123245239,2
65,6360.340220,1.9439662694931,2
66,6448.500880,1.94524812698364,2
67,6561.830940,1.94378316402435,2
68,6658.316480,1.94488191604614,2
69,6746.473180,1.94414937496185,2
70,6834.786080,1.9432338476181,2
71,6942.072180,1.9432338476181,2
72,7050.696680,1.9425014257431,2
73,7138.920760,1.94231820106506,2
74,7227.322020,1.94213509559631,2
75,7333.044040,1.94121956825256,2
76,7443.891140,1.94158577919006,2
77,7532.869320,1.94121956825256,2
78,7621.513320,1.94012081623077,2
79,7711.743020,1.94085335731506,2
80,7827.279220,1.94067025184631,2
81,7925.945680,1.93957149982452,2
82,8015.030820,1.93902218341827,2
83,8103.366320,1.93902218341827,2
84,8216.361720,1.93828964233398,2
85,8319.111740,1.93902218341827,2
86,8407.643540,1.93737411499023,2
87,8495.985400,1.93902218341827,2
88,8604.672580,1.93902218341827,2
89,8706.554500,1.93810653686523,2
90,8795.262860,1.93755722045898,2
91,8889.978540,1.93883907794952,2
92,8994.699560,1.93902218341827,2
93,9099.608560,1.93810653686523,2
94,9188.447720,1.93755722045898,0
95,9283.532660,1.92821824550629,0
96,9384.842620,1.91723132133484,0
97,9494.346980,1.90734302997589,0
98,9583.038620,1.89782094955444,0
99,9671.522860,1.89232742786407,0
100,9773.979460,1.88317155838013,0
101,9887.431360,1.8685222864151,0
102,9975.986920,1.86247944831848,0
103,10064.256960,1.85222482681274,0
104,10154.748420,1.8427027463913,0
105,10270.037880,1.83281445503235,0
106,10368.560620,1.8214613199234,0
107,10456.637840,1.8121223449707,0
108,10544.920980,1.80150151252747,0
109,10659.004540,1.79326128959656,0
110,10760.856940,1.78044319152832,0
111,10848.808940,1.77128732204437,0
112,10937.438060,1.76524448394775,0
113,11047.435760,1.75151073932648,0
114,11146.515080,1.74235486984253,0
115,11235.513800,1.7381432056427,0
116,11330.551620,1.72697305679321,0
117,11436.474400,1.7180004119873,0
118,11546.104320,1.70298480987549,0
119,11635.031280,1.69895625114441,0
120,11723.296540,1.68925106525421,0
121,11825.054540,1.67991209030151,0
122,11933.116440,1.67130565643311,0
123,12021.955740,1.66086792945862,0
124,12110.348360,1.65134584903717,0
125,12206.406780,1.6436550617218,0
126,12321.721300,1.63248491287231,0
127,12418.798240,1.62534332275391,0
128,12509.625300,1.61691999435425,0
129,12603.769420,1.6081303358078,0
130,12719.515280,1.59934079647064,0
131,12808.638680,1.59018492698669,0
132,12897.450000,1.58633947372437,0
133,12989.871400,1.57773303985596,0
134,13105.449160,1.56528103351593,0
135,13194.906140,1.5603369474411,0
136,13289.773180,1.55319535732269,0
137,13386.496740,1.54458892345428,0
138,13501.774320,1.53396809101105,0
139,13593.713540,1.53122138977051,0
140,13682.079060,1.52224862575531,0
141,13770.399320,1.51345908641815,0
142,13880.311000,1.50558507442474,0
143,13980.348740,1.49844348430634,0
144,14068.705600,1.49020326137543,0
145,14156.921520,1.48690712451935,0
146,14263.013060,1.47445523738861,0
147,14377.652740,1.4673136472702,0
148,14466.580340,1.45943963527679,0
149,14554.641560,1.45559418201447,0
150,14643.032880,1.4497344493866,0
151,14758.010840,1.44240987300873,0
152,14853.446700,1.43526828289032,0
153,14942.368340,1.42721116542816,0
154,15030.585780,1.420618891716,0
155,15139.683680,1.41219556331635,0
156,15245.494680,1.40523707866669,0
157,15341.397400,1.39864492416382,0
158,15429.659680,1.39132022857666,0
159,15537.344740,1.38344621658325,0
160,15639.676720,1.37905144691467,0
161,15728.471440,1.37044501304626,0
162,15816.786120,1.36366963386536,0
163,15921.994880,1.35726058483124,0
164,16032.519780,1.34938657283783,0
165,16121.092780,1.34242808818817,0
166,16209.486620,1.33675146102905,0
167,16311.933980,1.32942688465118,0
168,16426.983440,1.32283461093903,0
169,16515.742280,1.31679177284241,0
170,16603.958260,1.31294631958008,0
171,16692.567460,1.30726969242096,0
172,16808.311220,1.29994511604309,0
173,16902.654860,1.29390215873718,0
174,16997.317940,1.28804242610931,0
175,17085.544740,1.28145027160645,0
176,17197.221540,1.27412557601929,0
177,17302.010840,1.26753342151642,0
178,17390.426820,1.26039183139801,0
179,17478.722500,1.25636327266693,0
180,17586.808160,1.24903869628906,0
181,17688.715300,1.24336206912994,0
182,17777.003720,1.23713600635529,0
183,17871.778500,1.23072695732117,0
184,17975.648740,1.22541654109955,0
185,18080.925340,1.21845817565918,0
186,18169.115960,1.21296465396881,0
187,18257.391800,1.21131658554077,0
188,18363.981600,1.20161139965057,0
189,18473.782420,1.19483613967896,0
190,18562.343600,1.19245564937592,0
191,18650.772420,1.18659591674805,0
192,18750.025840,1.18055295944214,0
193,18866.025260,1.17176342010498,0
194,18954.614160,1.16956603527069,0
195,19042.817680,1.16242444515228,0
196,19131.788020,1.15857899188995,0
197,19247.650720,1.15143752098083,0
198,19347.600280,1.14704263210297,0
199,19436.643280,1.14136600494385,0
200,19525.227380,1.13440763950348,0
201,19637.924680,1.12873101234436,0
202,19740.808900,1.12451934814453,0
203,19829.393500,1.11756086349487,0
204,19918.340820,1.11646223068237,0
205,20027.108260,1.10840511322021,0
206,20128.250380,1.10254538059235,0
207,20217.085360,1.10108041763306,0
208,20312.378100,1.0937557220459,0
209,20421.699160,1.08624792098999,0
210,20528.026560,1.08057129383087,0
211,20616.863000,1.07782459259033,0
212,20704.917780,1.07214796543121,0
213,20810.036200,1.06775319576263,0
214,20915.743080,1.06152725219727,0
215,21004.351300,1.0563999414444,0
216,21092.532420,1.05237138271332,0
217,21192.388080,1.0466947555542,0
218,21307.072000,1.04193365573883,0
219,21397.502140,1.036989569664,0
220,21492.257260,1.03241169452667,0
221,21588.752040,1.0269181728363,0
222,21701.741840,1.02124154567719,0
223,21790.676780,1.01611423492432,0
224,21879.214140,1.01519870758057,0
225,21970.665400,1.00915586948395,0
226,22085.801500,1.00091552734375,0
227,22176.890300,0.99981689453125,0
228,22266.953300,0.995055854320526,0
229,22367.832680,0.988829910755157,0
230,22483.535540,0.982420802116394,0
231,22576.725560,0.980406522750854,0
232,22665.340960,0.974363684654236,0
233,22753.510260,0.971433818340302,0
234,22864.338060,0.966123402118683,0
235,22962.580440,0.961362361907959,0
236,23050.973120,0.95733380317688,0
237,23139.495920,0.954587042331696,0
238,23243.559540,0.946346819400787,0
239,23358.811140,0.942684471607208,0
240,23449.876380,0.938655912876129,0
241,23538.575620,0.93609231710434,0
242,23635.465000,0.931148111820221,0
243,23748.064620,0.925288379192352,0
244,23836.800960,0.922907888889313,0
245,23925.576020,0.917597532272339,0
246,24021.336860,0.913202702999115,0
247,24137.264780,0.908441662788391,0
248,24230.600420,0.905145585536957,0
249,24325.494100,0.899835169315338,0
250,24420.404520,0.893975436687469,0
251,24535.041080,0.890862464904785,0
252,24624.802280,0.886650800704956,0
253,24713.087040,0.883537828922272,0
254,24801.422040,0.878044307231903,0
255,24916.920720,0.873832643032074,0
256,25013.343540,0.870353400707245,0
257,25105.097780,0.864310562610626,0
258,25193.637140,0.863578081130981,0
259,25303.917660,0.856619656085968,0
260,25410.863620,0.852591097354889,0
261,25499.658160,0.852224886417389,0
262,25587.960900,0.847830057144165,0
263,25686.110060,0.844533979892731,0
264,25798.793600,0.838307976722717,0
265,25887.598740,0.835011899471283,0
266,25982.402680,0.830067753791809,0
267,26076.080180,0.82603919506073,0
268,26191.674440,0.823658645153046,0
269,26287.615260,0.819080770015717,0
270,26376.322180,0.815052211284637,0
271,26466.113840,0.809375584125519,0
272,26581.709400,0.806811928749084,0
273,26675.799600,0.803149580955505,0
274,26764.078460,0.798571705818176,0
275,26858.090220,0.795458734035492,0
276,26971.634660,0.791063904762268,0
277,27067.851120,0.787035346031189,0
278,27156.670540,0.781908094882965,0
279,27245.344120,0.779893815517426,0
280,27356.685680,0.775682091712952,0
281,27461.860020,0.771287322044373,0
282,27550.804320,0.767624974250793,0
283,27639.574900,0.766892492771149,0
284,27738.345220,0.762131452560425,0
285,27853.931220,0.757553577423096,0
286,27944.099280,0.754806816577911,0
287,28032.492440,0.750778257846832,0
288,28123.326820,0.747115910053253,0
289,28238.758400,0.743453562259674,0
290,28337.615920,0.739608108997345,0
291,28426.377100,0.736312031745911,0
292,28514.930620,0.732832789421082,0
293,28629.076820,0.728438019752502,0
294,28730.450000,0.726423740386963,0
295,28819.015200,0.720930218696594,0
296,28907.559680,0.718549728393555,0
297,29017.032380,0.714704275131226,0
298,29117.705860,0.710309445858002,0
299,29206.086840,0.707196474075317,0
300,29300.868880,0.705365300178528,0
301,29406.949140,0.701519846916199,0
302,29514.034220,0.69767439365387,0
303,29606.375640,0.692730247974396,0
304,29694.788960,0.691997826099396,0
305,29796.309340,0.690349757671356,0
306,29904.869160,0.682292640209198,0
307,29993.109400,0.682841956615448,0
308,30081.665640,0.679728984832764,0
309,30177.380780,0.675700426101685,0
310,30293.013100,0.672221183776855,0
311,30388.334180,0.668558895587921,0
312,30483.031920,0.665445864200592,0
313,30577.557660,0.661966681480408,0
314,30693.440920,0.659586131572723,0
315,30782.999680,0.655374467372894,0
316,30871.446880,0.65207839012146,0
317,30960.733920,0.65079653263092,0
318,31076.357880,0.644204378128052,0
319,31170.564880,0.642556309700012,0
320,31259.918540,0.641091346740723,0
321,31360.283320,0.636696577072144,0
322,31474.428420,0.633034229278564,0
323,31570.015900,0.628822565078735,0
324,31658.935180,0.627357602119446,0
325,31747.251060,0.623695313930511,0
326,31854.900000,0.620032966136932,0
327,31957.413420,0.617469310760498,0
328,32046.112360,0.613990128040314,0
329,32134.386540,0.611060261726379,0
330,32236.416260,0.608496606349945,0
331,32353.563360,0.605200529098511,0
332,32446.911760,0.602270662784576,0
333,32535.339960,0.598608314990997,0
334,32623.935400,0.594213485717773,0
335,32737.011200,0.592931687831879,0
336,32833.808040,0.5889031291008,0
337,32922.726080,0.58725506067276,0
338,33011.281420,0.58505767583847,0
339,33118.498500,0.581212222576141,0
340,33226.763260,0.578099250793457,0
341,33322.340720,0.574803173542023,0
342,33410.688860,0.575169384479523,0
343,33516.620420,0.570591449737549,0
344,33621.792860,0.567112267017365,0
345,33710.563760,0.56418240070343,0
346,33798.798000,0.562717437744141,0
347,33898.915800,0.558322668075562,0
348,34010.690080,0.555392801761627,0
349,34103.572720,0.553012251853943,0
350,34191.708600,0.550082385540009,0
351,34288.529600,0.547335624694824,0
352,34403.623760,0.545138239860535,0
353,34497.027940,0.541475892066956,0
354,34585.365560,0.538179814815521,0
355,34673.724120,0.537264227867126,0
356,34777.894920,0.534334361553192,0
357,34883.982100,0.530122697353363,0
358,34978.732800,0.529573321342468,0
359,35067.326080,0.524629175662994,0
360,35163.509640,0.522614896297455,0
361,35279.435800,0.519685029983521,0
362,35372.396860,0.518036961555481,0
363,35460.531280,0.515656471252441,0
364,35552.924740,0.513275980949402,0
365,35668.572440,0.509796738624573,0
366,35759.105600,0.508148670196533,0
367,35852.948760,0.503937005996704,0
368,35941.831860,0.502655208110809,0
369,36057.270860,0.499542206525803,0
370,36152.054800,0.497527927160263,0
371,36240.511940,0.494781166315079,0
372,36335.584900,0.491118848323822,0
373,36446.957440,0.48855522274971,0
374,36546.643260,0.486540913581848,0
375,36635.099800,0.485808461904526,0
376,36729.101920,0.482329249382019,0
377,36836.236380,0.480498075485229,0
378,36939.035000,0.477751314640045,0
379,37027.500100,0.475737035274506,0
380,37115.909560,0.472624063491821,0
381,37217.090240,0.469511091709137,0
382,37332.576120,0.46621498465538,0
383,37421.842680,0.465299397706985,0
384,37510.573540,0.462735772132874,0
385,37608.449380,0.459622770547867,0
386,37724.330320,0.459073424339294,0
387,37815.416120,0.455777317285538,0
388,37903.781860,0.452481240034103,0
389,37997.814500,0.449734479188919,0
390,38113.369840,0.44772019982338,0
391,38202.896580,0.44588902592659,0
392,38297.591380,0.442592918872833,0
393,38392.608880,0.441127985715866,0
394,38508.073600,0.437831908464432,0
395,38602.507100,0.435268253087997,0
396,38690.787880,0.43362021446228,0
397,38781.473720,0.431422829627991,0
398,38897.256740,0.427577376365662,0
399,38988.606300,0.425929307937622,0
400,39077.339380,0.425563097000122,0
401,39165.796580,0.422633230686188,0
402,39277.653300,0.420985162258148,0
403,39381.915740,0.416590362787247,0
404,39476.431620,0.415491670370102,0
405,39565.298260,0.412195563316345,0
406,39669.870240,0.411463111639023,0
407,39775.670480,0.408167004585266,0
408,39864.396540,0.405603379011154,0
409,39952.901680,0.404687792062759,0
410,40051.901520,0.402307271957397,0
411,40162.550800,0.398461818695068,0
412,40251.331220,0.396813780069351,0
413,40352.285820,0.395531952381134,0
414,40449.818900,0.393517673015594,0
415,40562.346900,0.391137152910233,0
416,40650.959960,0.388390392065048,0
417,40739.305940,0.387841045856476,0
418,40829.858960,0.386009901762009,0
419,40945.838780,0.38234755396843,0
420,41037.370320,0.38216444849968,0
421,41125.620360,0.38033327460289,0
422,41217.486940,0.377769649028778,0
423,41332.919720,0.374656647443771,0
424,41436.529960,0.373374849557877,0
425,41524.905760,0.370444983243942,0
426,41613.452140,0.367515116930008,0
427,41713.493960,0.366782635450363,0
428,41823.859580,0.362937182188034,0
429,41912.632780,0.362937182188034,0
430,42001.016240,0.360922902822495,0
431,42095.610480,0.35780993103981,0
432,42211.299920,0.356161862611771,0
433,42311.610440,0.353048890829086,0
434,42399.869340,0.353048890829086,0
435,42492.695540,0.350668370723724,0
436,42608.481480,0.346273571252823,0
437,42697.705540,0.345174878835678,0
438,42786.554320,0.344808638095856,0
439,42877.016440,0.342428117990494,0
440,42992.690320,0.340596973896027,0
441,43090.616020,0.338216453790665,0
442,43179.108060,0.33730086684227,0
443,43269.332840,0.333821654319763,0
444,43385.077080,0.331624239683151,0
445,43484.301240,0.330891788005829,0
446,43573.383860,0.328694373369217,0
447,43661.863700,0.32722944021225,0
448,43767.744600,0.325581401586533,0
449,43872.390860,0.323567122220993,0
450,43967.699680,0.321186602115631,0
451,44056.464560,0.319172322750092,0
452,44158.951360,0.319538533687592,0
453,44269.933940,0.31496062874794,0
454,44361.812680,0.312763243913651,0
455,44450.401220,0.312580108642578,0
456,44549.325340,0.310016483068466,0
457,44660.887820,0.308368444442749,0
458,44749.665360,0.306171029806137,0
459,44844.004620,0.305072337388992,0
460,44939.279000,0.30269181728363,0
461,45054.818100,0.301226884126663,0
462,45143.675020,0.299578845500946,0
463,45232.059580,0.297747671604156,0
464,45329.682480,0.295000910758972,0
465,45445.567060,0.294085323810577,0
466,45537.465860,0.292803525924683,0
467,45625.887540,0.290972352027893,0
468,45716.831960,0.290789246559143,0
469,45832.548000,0.287493139505386,0
470,45929.868960,0.285845071077347,0
471,46018.353820,0.28419703245163,0
472,46106.501560,0.283098340034485,0
473,46214.306180,0.28199964761734,0
474,46322.747000,0.279619127511978,0
475,46410.952840,0.277971059083939,0
476,46499.073960,0.275956779718399,0
477,46602.007160,0.275041192770004,0
478,46714.556000,0.273026913404465,0
479,46802.437880,0.27192822098732,0
480,46890.712860,0.268265873193741,0
481,46990.014580,0.268998354673386,0
482,47100.586160,0.264786660671234,0
483,47189.404920,0.263871073722839,0
484,47283.610420,0.263138622045517,0
485,47379.635520,0.260941207408905,0
486,47494.348340,0.258926928043365,0
487,47588.863100,0.256912648677826,0
488,47677.993700,0.255997061729431,0
489,47768.746100,0.254532128572464,0
490,47884.579280,0.252884089946747,0
491,47976.751000,0.251968502998352,0
492,48065.104040,0.249954223632813,0
493,48153.521260,0.248489290475845,0
494,48266.680120,0.247939944267273,0
495,48369.486200,0.245925650000572,0
496,48464.342360,0.244826957583427,0
497,48553.311160,0.241347745060921,0
498,48663.670840,0.24116462469101,0
499,48763.462220,0.23915034532547,0
500,48851.837300,0.237502291798592,0
501,48940.633120,0.236586704850197,0
502,49044.697660,0.234206184744835,0
503,49150.088920,0.234023079276085,0
504,49238.682020,0.231093212962151,0
505,49339.581860,0.229994505643845,0
506,49442.068380,0.229262039065361,0
507,49549.219580,0.227613985538483,0
508,49638.056180,0.225965946912766,0
509,49726.553440,0.225416585803032,0
510,49822.879060,0.223402306437492,0
511,49936.511900,0.222120493650436,0
512,50025.243020,0.22083868086338,0
513,50113.448000,0.220472440123558,0
514,50203.448180,0.218458160758018,0
515,50319.078260,0.216260761022568,0
516,50424.053620,0.214063361287117,0
517,50512.446360,0.213147774338722,0
518,50600.670540,0.213147774338722,0
519,50702.686180,0.211316615343094,0
520,50810.402140,0.209119215607643,0
521,50899.006740,0.208936095237732,0
522,50987.617100,0.207471162080765,0
523,51082.910640,0.207104921340942,0
524,51198.686660,0.204724416136742,0
525,51298.073360,0.202710121870041,0
526,51386.606560,0.201794549822807,0
527,51479.045800,0.201428309082985,0
528,51594.782960,0.199414029717445,0
529,51685.864080,0.199047788977623,0
530,51774.398860,0.197582855820656,0
531,51862.611900,0.197033509612083,0
532,51976.900900,0.19428676366806,0
533,52078.673540,0.193920522928238,0
534,52167.374160,0.191723123192787,0
535,52255.773300,0.191173776984215,0
536,52369.294580,0.189525723457336,0
537,52473.485920,0.188793256878853,0
538,52562.636220,0.18604651093483,0
539,52651.454480,0.186412751674652,0
540,52759.341880,0.185314044356346,0
541,52861.991140,0.182567298412323,0
542,52956.693660,0.181651711463928,0
543,53055.935700,0.182017952203751,0
544,53154.804020,0.1798205524683,0
545,53256.809000,0.178904965519905,0
546,53351.678180,0.177623152732849,0
547,53451.978560,0.177256911993027,0
548,53550.780760,0.175608858466148,0
549,53650.890660,0.173228353261948,0
550,53747.786100,0.173411458730698,0
551,53845.262980,0.171214058995247,0
552,53943.938840,0.170115366578102,0
553,54044.712440,0.169932246208191,0
554,54145.278380,0.168833553791046,0
555,54233.783860,0.16773484647274,0
556,54340.463020,0.167185500264168,0
557,54451.421720,0.166086792945862,0
558,54540.481780,0.164804980158806,0
559,54628.966220,0.162973821163177,0
560,54728.890400,0.162058234214783,0
561,54844.539720,0.159128367900848,0
562,54933.414280,0.159860834479332,0
563,55021.713040,0.15949459373951,0
564,55117.470380,0.158212780952454,0
565,55232.552720,0.156930968165398,0
566,55327.999140,0.157297194004059,0
567,55416.327940,0.154916688799858,0
568,55512.948280,0.153451755642891,0
569,55628.503300,0.152536168694496,0
570,55720.543220,0.151620581746101,0
571,55809.425580,0.150704994797707,0
572,55901.905040,0.150888115167618,0
573,56017.355940,0.149423182010651,0
574,56107.079700,0.147592023015022,0
575,56195.452160,0.146676436066628,0
576,56290.466880,0.145943969488144,0
577,56405.947400,0.14521150290966,0
578,56500.469720,0.145760849118233,0
579,56595.228300,0.143563449382782,0
580,56683.556040,0.142098516225815,0
581,56795.002000,0.14118292927742,0
582,56892.640000,0.140084236860275,0
583,56981.574840,0.139534890651703,0
584,57069.716760,0.138619303703308,0
585,57175.311780,0.137154370546341,0
586,57286.662560,0.137520596385002,0
587,57375.779640,0.135689437389374,0
588,57469.936360,0.133675158023834,0
589,57573.810440,0.132759571075439,0
590,57680.356360,0.131843984127045,0
591,57768.933520,0.131477758288383,0
592,57857.382940,0.1307452917099,0
593,57955.097480,0.131477758288383,0
594,58067.329840,0.128730997443199,0
595,58155.899680,0.12891411781311,0
596,58244.383360,0.128181651234627,0
597,58349.826880,0.127266064286232,0
598,58465.065320,0.125068664550781,0
599,58555.525080,0.125068664550781,0
600,58643.988860,0.12470243871212,0
601,58732.590480,0.122138805687428,1
602,58844.006140,0.122505038976669,1
603,58942.646780,0.121040105819702,1
604,59031.013180,0.120856985449791,1
605,59119.385260,0.119941405951977,1
606,59225.665960,0.11847647279501,1
607,59341.468380,0.119392052292824,1
608,59430.806840,0.117011539638042,1
609,59519.784340,0.117377772927284,1
610,59625.243080,0.115363486111164,1
611,59729.720220,0.116279073059559,1
612,59818.421500,0.115363486111164,1
613,59906.657300,0.114081673324108,1
614,60009.997760,0.111701153218746,1
615,60120.255200,0.11243361979723,1
616,60211.458800,0.111884273588657,1
617,60306.441060,0.109503753483295,1
618,60407.580740,0.111334919929504,1
619,60516.023240,0.109686873853207,1
620,60604.682840,0.107672587037086,1
621,60693.064600,0.107123240828514,1
622,60788.971880,0.108038820326328,1
623,60902.448660,0.106573887169361,1
624,60991.302480,0.106207653880119,1
625,61085.890380,0.105658307671547,1
626,61176.580860,0.104010254144669,1
627,61292.244680,0.105475187301636,1
628,61389.717580,0.104559607803822,1
629,61478.008780,0.103827141225338,1
630,61566.716800,0.103827141225338,1
631,61680.782760,0.103827141225338,1
632,61776.918360,0.103094674646854,1
633,61865.446780,0.104010254144669,1
634,61960.318740,0.103277787566185,1
635,62074.924620,0.103827141225338,1
636,62169.803840,0.10437648743391,1
637,62258.063200,0.103644020855427,1
638,62352.913040,0.105292074382305,1
639,62468.721460,0.103827141225338,1
640,62563.020900,0.105292074382305,1
641,62651.745660,0.105658307671547,1
642,62740.056040,0.106024540960789,1
643,62849.035080,0.106573887169361,1
644,62955.415220,0.107672587037086,1
645,63043.658100,0.108954407274723,1
646,63131.804140,0.109320640563965,1
647,63236.737540,0.109503753483295,1
648,63348.441760,0.110236220061779,1
649,63436.695500,0.110236220061779,1
650,63525.374020,0.112616740167141,1
651,63626.876060,0.113532319664955,1
652,63741.717580,0.113715440034866,1
653,63829.752600,0.114997252821922,1
654,63918.496520,0.115180373191833,1
655,64015.743040,0.117744006216526,1
656,64128.621580,0.123786851763725,1
657,64217.446000,0.124336205422878,1
658,64312.450900,0.130012825131416,1
659,64405.548080,0.134773850440979,1
660,64522.049940,0.140450462698936,1
661,64613.941900,0.145028382539749,1
662,64705.614280,0.153085514903069,1
663,64795.503480,0.161325767636299,1
664,64909.897720,0.168650433421135,1
665,65003.724060,0.176890686154366,1
666,65091.968940,0.184947818517685,1
667,65180.352100,0.18824391067028,1
668,65289.837300,0.201611429452896,1
669,65395.767000,0.21076725423336,1
670,65484.554040,0.214612707495689,1
671,65579.547520,0.225782826542854,1
672,65678.587980,0.236586704850197,1
673,65789.588700,0.24940487742424,1
674,65878.427880,0.255813956260681,1
675,65966.922800,0.265336006879807,1
676,66059.577700,0.275407433509827,1
677,66175.039060,0.286394447088242,1
678,66268.658580,0.297381430864334,1
679,66360.775520,0.307452857494354,1
680,66457.996640,0.318256735801697,1
681,66573.646200,0.329426854848862,1
682,66665.335600,0.340596973896027,1
683,66753.408920,0.350668370723724,1
684,66841.639840,0.356161862611771,1
685,66954.514180,0.373374849557877,1
686,67051.780300,0.383629381656647,1
687,67139.965540,0.389489114284515,1
688,67228.545240,0.399743646383286,1
689,67335.329860,0.4110968708992,1
690,67450.385220,0.426295548677444,1
691,67538.572780,0.432155281305313,1
692,67627.595880,0.442959159612656,1
693,67716.050480,0.453763037919998,1
694,67827.387820,0.463651359081268,1
695,67925.771540,0.47646951675415,1
696,68014.750960,0.486907154321671,1
697,68102.932020,0.492583781480789,1
698,68204.344620,0.508148670196533,1
699,68319.554840,0.518586337566376,1
700,68412.477580,0.529390215873718,1
701,68500.912920,0.534883737564087,1
702,68598.572620,0.546236932277679,1
703,68710.966980,0.561069428920746,1
704,68799.634020,0.565097987651825,1
705,68887.918620,0.576451182365417,1
706,68985.258440,0.587804436683655,1
707,69097.419100,0.599340796470642,1
708,69191.919820,0.60959529876709,1
709,69287.412540,0.620399177074432,1
710,69387.628300,0.630470633506775,1
711,69498.066160,0.640725135803223,1
712,69586.938040,0.65061342716217,1
713,69675.563300,0.660867989063263,1
714,69770.488620,0.672221183776855,1
715,69884.682020,0.683208227157593,1
716,69973.682140,0.692547142505646,1
717,70068.469540,0.703351020812988,1
718,70159.097520,0.714704275131226,1
719,70274.017260,0.724958777427673,1
720,70373.092840,0.734847068786621,1
721,70461.677700,0.744552254676819,1
722,70550.342700,0.754989922046661,1
723,70664.376960,0.764695107936859,1
724,70760.659360,0.773301601409912,1
725,70848.859680,0.784837961196899,1
726,70943.741680,0.794543147087097,1
727,71053.987000,0.798754811286926,1
728,71153.892260,0.808276891708374,1
729,71242.423660,0.820362567901611,1
730,71337.314140,0.829335272312164,1
731,71442.760280,0.839223563671112,1
732,71547.583520,0.84874564409256,1
733,71635.888300,0.859366416931152,1
734,71724.004380,0.8688884973526,1
735,71823.535360,0.879326105117798,1
736,71938.575340,0.889031291007996,1
737,72027.571180,0.898919582366943,1
738,72115.906140,0.907159864902496,1
739,72211.088920,0.916681945323944,1
740,72326.634620,0.926387131214142,1
741,72419.477620,0.93499356508255,1
742,72508.504260,0.946529924869537,1
743,72596.946800,0.950558483600616,1
744,72711.067940,0.964475393295288,1
745,72812.515640,0.974729895591736,1
746,72901.229200,0.97949093580246,1
747,72989.664160,0.987914323806763,1
748,73099.222060,0.99835193157196,1
749,73198.732360,1.00677525997162,1
750,73293.965720,1.01757919788361,1
751,73382.385640,1.02527010440826,1
752,73486.642500,1.03332722187042,1
753,73593.261200,1.04449737071991,1
754,73688.304120,1.05420255661011,1
755,73776.521680,1.06134402751923,1
756,73877.758780,1.07214796543121,1
757,73986.634520,1.08148694038391,1
758,74075.322880,1.09045958518982,1
759,74163.566160,1.09778428077698,1
760,74258.978580,1.10291159152985,1
761,74375.093600,1.11536347866058,1
762,74468.744640,1.12287127971649,1
763,74563.501420,1.12854790687561,1
764,74652.052580,1.13825309276581,1
765,74767.835640,1.15033876895905,1
766,74861.087980,1.15436732769012,1
767,74949.272260,1.16334009170532,1
768,75037.584300,1.17176342010498,1
769,75147.355780,1.17927122116089,1
770,75248.116220,1.1878776550293,1
771,75342.910180,1.19831538200378,1
772,75437.384440,1.20618939399719,1
773,75545.238080,1.21259844303131,1
774,75648.096380,1.22248673439026,1
775,75736.245000,1.22999453544617,1
776,75824.604600,1.23805165290833,1
777,75925.869100,1.24684119224548,1
778,76034.096820,1.25471520423889,1
779,76122.952500,1.2622230052948,1
780,76211.718080,1.26753342151642,1
781,76313.073780,1.27559053897858,1
782,76428.738760,1.28822565078735,1
783,76522.612880,1.29115545749664,1
784,76611.031460,1.29939568042755,1
785,76699.496060,1.30745279788971,1
786,76810.695260,1.31551003456116,1
787,76909.523620,1.32356715202332,1
788,76998.724940,1.33162426948547,1
789,77087.054120,1.33894896507263,1
790,77192.105960,1.3462735414505,1
791,77308.365680,1.35268270969391,1
792,77397.574560,1.36019039154053,1
793,77485.821660,1.36934626102448,1
794,77589.067760,1.37557220458984,1
795,77695.517360,1.38344621658325,1
796,77784.368480,1.39132022857666,1
797,77872.520960,1.39406704902649,1
798,77974.541500,1.40120851993561,1
799,78083.106280,1.41311120986938,1
800,78177.660040,1.41659033298492,1
801,78267.955780,1.42226696014404,1
802,78372.796920,1.4295916557312,1
803,78483.944020,1.4392968416214,1
804,78572.953120,1.44222664833069,1
805,78661.431100,1.4490020275116,1
806,78755.732600,1.45760846138,1
807,78871.423800,1.46273577213287,1
808,78960.329720,1.46896171569824,1
809,79054.723020,1.47482144832611,1
810,79144.704500,1.48104739189148,1
811,79260.404480,1.4867240190506,1
812,79360.728380,1.49203443527222,1
813,79448.940580,1.49771106243134,1
814,79537.610060,1.50448632240295,1
815,79651.274360,1.50924742221832,1
816,79746.834900,1.51272666454315,1
817,79835.565460,1.51620578765869,1
818,79929.639440,1.52151620388031,1
819,80039.748900,1.52572786808014,1
820,80139.682780,1.53085517883301,1
821,80228.532840,1.53451752662659,1
822,80323.686800,1.53708112239838,1
823,80429.086680,1.5427577495575,1
824,80532.971740,1.54605388641357,1
825,80621.811120,1.5498993396759,1
826,80710.007320,1.55081486701965,1
827,80809.773200,1.55502653121948,1
828,80925.441460,1.55667459964752,1
829,81014.326800,1.55978763103485,1
830,81102.709820,1.56125247478485,1
831,81198.362220,1.56125247478485,1
832,81313.800920,1.56363308429718,1
833,81406.924220,1.56399929523468,1
834,81495.487040,1.56363308429718,1
835,81591.835360,1.56381618976593,1
836,81707.343540,1.56381618976593,1
837,81800.706060,1.56161880493164,1
838,81888.925240,1.56216812133789,1
839,81985.954520,1.5596045255661,1
840,82099.486600,1.55905508995056,1
841,82188.332600,1.55722391605377,1
842,82282.369260,1.55594217777252,1
843,82376.975720,1.55557584762573,1
844,82491.733320,1.55319535732269,1
845,82581.662840,1.55246293544769,1
846,82676.662820,1.54916679859161,1
847,82766.301920,1.54971611499786,1
848,82881.939540,1.54733562469482,1
849,82974.932180,1.54532134532928,1
850,83063.379680,1.54403960704803,1
851,83151.534780,1.5427577495575,1
852,83261.985260,1.5420253276825,1
853,83368.013780,1.53854608535767,1
854,83456.421720,1.53726422786713,1
855,83550.510400,1.53470063209534,1
856,83659.613360,1.53543305397034,1
857,83760.646080,1.53396809101105,1
858,83848.756940,1.53195381164551,1
859,83937.239620,1.53067207336426,1
860,84039.784640,1.52792525291443,1
861,84147.237460,1.52481234073639,1
862,84235.902280,1.5240797996521,1
863,84330.971920,1.52096688747406,1
864,84429.223000,1.51913571357727,1
865,84544.870280,1.51199412345886,1
866,84635.556380,1.51089549064636,1
867,84723.713920,1.50631749629974,1
868,84812.014200,1.50137341022491,1
869,84923.991620,1.4967954158783,1
870,85022.527220,1.49240064620972,1
871,85111.077560,1.48947083950043,1
872,85199.420820,1.48416042327881,1
873,85305.751820,1.47500455379486,1
874,85421.073260,1.47079288959503,1
875,85510.054240,1.46493315696716,1
876,85598.568000,1.46200335025787,1
877,85692.891840,1.45504486560822,1
878,85808.623340,1.44570589065552,1
879,85897.263880,1.44350850582123,1
880,85985.955680,1.43453574180603,1
881,86074.429460,1.4292254447937,1
882,86190.548900,1.42153453826904,1
883,86297.696340,1.41622412204742,1
884,86385.924440,1.40871632099152,1
885,86474.425600,1.40065920352936,1
886,86587.946700,1.39443325996399,1
887,86684.341620,1.38839042186737,1
888,86772.616660,1.37996709346771,1
889,86860.845220,1.37740337848663,1
890,86968.248780,1.36714887619019,1
891,87071.028340,1.35890865325928,1
892,87165.660520,1.35011899471283,1
893,87253.847160,1.34847092628479,1
894,87366.056960,1.33638525009155,1
895,87470.718660,1.32814502716064,1
896,87559.041280,1.32594764232635,1
897,87647.724260,1.31807363033295,1
898,87746.850400,1.31148135662079,1
899,87856.746520,1.30305802822113,1
900,87945.454940,1.29756450653076,1
901,88039.809720,1.28969049453735,1
902,88135.103760,1.28364765644073,1
903,88249.989540,1.27577364444733,1
904,88345.750280,1.27028012275696,1
905,88434.320140,1.2611243724823,1
906,88525.803160,1.25544774532318,1
907,88641.356000,1.24720752239227,1
908,88732.309960,1.24189710617065,1
909,88820.529560,1.23713600635529,1
910,88910.805680,1.23072695732117,1
911,89026.484880,1.22175431251526,1
912,89125.057400,1.21735942363739,1
913,89213.832020,1.21021795272827,1
914,89309.498880,1.20271015167236,1
915,89416.293820,1.19685041904449,1
916,89520.788920,1.19227242469788,1
917,89609.500800,1.18293356895447,1
918,89697.754020,1.1781724691391,1
919,89798.013100,1.17158031463623,1
920,89913.301860,1.16498804092407,1
921,90002.027860,1.15821278095245,1
922,90090.500760,1.15271925926208,1
923,90186.606800,1.14740884304047,1
924,90302.353260,1.14063358306885,1
925,90395.558340,1.13166081905365,1
926,90483.909320,1.12598431110382,1
927,90576.226100,1.11939203739166,1
928,90691.749460,1.11499726772308,1
929,90788.750700,1.10748946666718,1
930,90877.044120,1.10126352310181,1
931,90965.293840,1.09631931781769,1
932,91080.734920,1.09045958518982,1
933,91175.564320,1.08716356754303,1
934,91265.622980,1.08020508289337,1
935,91359.044840,1.07452845573425,1
936,91469.976060,1.06848561763763,1
937,91570.051460,1.06317520141602,1
938,91664.395780,1.05658304691315,1
939,91752.987800,1.04962456226349,1
940,91860.619200,1.04559600353241,1
941,91962.660600,1.03900384902954,1
942,92051.686200,1.03332722187042,1
943,92140.075500,1.02911555767059,1
944,92241.964000,1.02362203598022,1
945,92356.614980,1.01684677600861,1
946,92445.466260,1.01135325431824,1
947,92539.719640,1.00659215450287,1
948,92635.832160,1.00091552734375,1
949,92749.258300,0.995971441268921,1
950,92837.826600,0.991759777069092,1
951,92926.523680,0.986266255378723,1
952,93015.758960,0.982970178127289,1
953,93130.348460,0.975462377071381,1
954,93224.864220,0.972532510757446,1
955,93320.040160,0.966855883598328,1
956,93409.950900,0.962277948856354,1
957,93525.877800,0.956235110759735,1
958,93623.935500,0.952389657497406,1
959,93712.468700,0.946896195411682,1
960,93800.789900,0.941219568252563,1
961,93908.088720,0.93609231710434,1
962,94010.798840,0.932246863842011,1
963,94098.995820,0.928584516048431,1
964,94187.527900,0.922907888889313,1
965,94289.697580,0.917231261730194,1
966,94404.549800,0.912836492061615,1
967,94498.951520,0.908807933330536,1
968,94587.318480,0.903863787651062,1
969,94677.371800,0.902215719223022,1
970,94792.235280,0.895440399646759,1
971,94885.090300,0.890862464904785,1
972,94973.099740,0.887383282184601,1
973,95061.625640,0.882072865962982,1
974,95173.571700,0.878593683242798,1
975,95285.038760,0.873649537563324,1
976,95373.418860,0.870536506175995,1
977,95461.559720,0.865958631038666,1
978,95570.670800,0.859915792942047,1
979,95672.734380,0.856985926628113,1
980,95761.401700,0.853689789772034,1
981,95849.565420,0.84856253862381,1
982,95953.578540,0.844717085361481,1
983,96060.267680,0.840139150619507,1
984,96154.734100,0.837941765785217,1
985,96243.600680,0.835011899471283,1
986,96352.374780,0.829335272312164,1
987,96460.558720,0.82585608959198,1
988,96549.335960,0.821278154850006,1
989,96637.639620,0.819630086421967,1
990,96733.874700,0.815601527690887,1
991,96847.944720,0.809924900531769,1
992,96936.627260,0.808276891708374,1
993,97031.318360,0.804797649383545,1
994,97124.380480,0.801684677600861,1
995,97238.802880,0.797289848327637,1
996,97337.337820,0.793993771076202,1
997,97425.433760,0.790697693824768,1
998,97514.087240,0.787401556968689,1
999,97629.743620,0.783922374248505,1
1000,97724.489460,0.78154182434082,1
1001,97812.738820,0.777330160140991,1
1002,97900.947580,0.776780784130096,1
1003,98016.000740,0.773301601409912,1
1004,98116.717480,0.768906772136688,1
1005,98205.110360,0.766160070896149,1
1006,98300.524500,0.763962626457214,1
1007,98407.649160,0.761582136154175,1
1008,98511.303680,0.757919788360596,1
1009,98599.506280,0.756454885005951,1
1010,98688.036400,0.754623711109161,1
1011,98789.601240,0.753158748149872,1
1012,98902.627640,0.748397707939148,1
1013,98991.477960,0.746932804584503,1
1014,99079.674820,0.745284736156464,1
1015,99177.018920,0.742537975311279,1
1016,99292.501380,0.740889966487885,1
1017,99384.106540,0.73869252204895,1
1018,99472.011460,0.737776935100555,1
1019,99565.637960,0.734847068786621,1
1020,99680.542900,0.733931541442871,1
1021,99775.591600,0.732100367546082,1
1022,99863.981340,0.730086088180542,1
1023,99952.234620,0.728438019752502,1
1024,100068.877180,0.727339327335358,1
1025,100162.558220,0.726606845855713,1
1026,100251.442760,0.726057469844818,1
1027,100346.098300,0.724226355552673,1
1028,100457.865240,0.724958777427673,1
1029,100556.042000,0.723676979541779,1
1030,100650.766780,0.721662700176239,1
1031,100739.640540,0.721845805644989,1
1032,100846.873800,0.722761392593384,1
1033,100949.074100,0.721113324165344,1
1034,101038.055900,0.720380902290344,1
1035,101126.345740,0.720930218696594,1
1036,101228.040660,0.719648420810699,1
1037,101343.316460,0.721113324165344,1
1038,101431.915440,0.720930218696594,1
1039,101525.653800,0.721845805644989,1
1040,101626.350180,0.720380902290344,1
1041,101735.060100,0.722578287124634,1
1042,101823.585500,0.722395181655884,1
1043,101911.765520,0.723127603530884,1
1044,102005.736800,0.723676979541779,1
1045,102121.296500,0.724409461021423,1
1046,102211.423740,0.725141942501068,1
1047,102306.619140,0.726057469844818,1
1048,102396.633320,0.726057469844818,1
1049,102512.518860,0.727522432804108,1
1050,102610.556540,0.726789951324463,1
1051,102698.785360,0.728987336158752,1
1052,102786.930920,0.728804230690002,1
1053,102894.674920,0.730818510055542,1
1054,102996.942820,0.731184780597687,1
1055,103085.476520,0.730635404586792,1
1056,103173.636660,0.730818510055542,1
1057,103275.417640,0.732100367546082,1
1058,103390.929500,0.733382165431976,1
1059,103483.585040,0.733015954494476,1
1060,103571.778600,0.734663963317871,1
1061,103666.785720,0.734847068786621,1
1062,103780.703820,0.736128926277161,1
1063,103869.438040,0.736312031745911,1
1064,103957.660320,0.736128926277161,1
1065,104046.514320,0.736495137214661,1
1066,104162.770640,0.7381432056427,1
1067,104262.478080,0.739425003528595,1
1068,104357.850880,0.739425003528595,1
1069,104446.368520,0.740889966487885,1
1070,104559.999040,0.742171764373779,1
1071,104656.807460,0.742171764373779,1
1072,104745.486560,0.742721140384674,1
1073,104833.669020,0.743453562259674,1
1074,104941.313560,0.743636667728424,1
1075,105042.584620,0.745284736156464,1
1076,105136.914900,0.745834112167358,1
1077,105225.660920,0.746200323104858,1
1078,105332.469100,0.746932804584503,1
1079,105442.392300,0.747115910053253,1
1080,105531.320620,0.749313294887543,1
1081,105619.512720,0.749130189418793,1
1082,105709.701940,0.749862670898438,1
1083,105824.483360,0.752426266670227,1
1084,105917.615060,0.752609431743622,1
1085,106007.412140,0.756271719932556,1
1086,106100.805740,0.754806816577911,1
1087,106209.542080,0.756454885005951,1
1088,106316.534720,0.75920158624649,1
1089,106404.790900,0.76048344373703,1
1090,106493.618060,0.763230204582214,1
1091,106593.036560,0.764695107936859,1
1092,106704.061640,0.765610694885254,1
1093,106792.536880,0.768174350261688,1
1094,106880.697860,0.771104216575623,1
1095,106976.658860,0.772569119930267,1
1096,107091.835780,0.777879536151886,1
1097,107185.670780,0.780260026454926,1
1098,107277.979640,0.782457411289215,1
1099,107368.425440,0.786302864551544,1
1100,107477.934100,0.787218451499939,1
1101,107578.601020,0.790697693824768,1
1102,107667.430040,0.793810665607452,1
1103,107755.618940,0.797656118869781,1
1104,107858.745760,0.802417159080505,1
1105,107970.570000,0.807361304759979,1
1106,108059.524640,0.809924900531769,1
1107,108147.841300,0.813770353794098,1
1108,108241.822820,0.816700220108032,1
1109,108357.290020,0.82384181022644,1
1110,108452.618840,0.826771676540375,1
1111,108541.327620,0.829884648323059,1
1112,108629.604480,0.834828794002533,1
1113,108736.959700,0.838307976722717,1
1114,108845.328940,0.847646951675415,1
1115,108934.009600,0.84691447019577,1
1116,109022.655100,0.853689789772034,1
1117,109125.307880,0.858633935451508,1
1118,109232.594060,0.863211870193481,1
1119,109327.738940,0.868339121341705,1
1120,109416.001180,0.871635258197784,1
1121,109515.018080,0.878593683242798,1
1122,109631.720740,0.883537828922272,1
1123,109720.546260,0.887017011642456,1
1124,109808.750600,0.893426120281219,1
1125,109904.390520,0.898736476898193,1
1126,110019.636680,0.904046893119812,1
1127,110108.348600,0.908807933330536,1
1128,110196.593540,0.91411828994751,1
1129,110293.982720,0.916498780250549,1
1130,110409.519640,0.924922168254852,1
1131,110501.627800,0.931148111820221,1
1132,110596.275400,0.935542941093445,1
1133,110684.601700,0.940853297710419,1
1134,110799.706440,0.945248126983643,1
1135,110895.040940,0.949276685714722,1
1136,110983.485460,0.951657176017761,1
1137,111072.054640,0.957700073719025,1
1138,111181.477360,0.962644219398499,1
1139,111289.392520,0.968503952026367,1
1140,111377.488660,0.973448097705841,1
1141,111471.513600,0.97711044549942,1
1142,111579.348740,0.983519494533539,1
1143,111682.565580,0.989196121692657,1
1144,111771.353820,0.994140267372131,1
1145,111859.620020,0.99761950969696,1
1146,111960.703700,1.00256359577179,1
1147,112069.880800,1.00750780105591,1
1148,112158.627240,1.01428306102753,1
1149,112246.801040,1.0194103717804,1
1150,112354.434680,1.02270650863647,1
1151,112470.476260,1.0269181728363,1
1152,112559.698420,1.03167915344238,1
1153,112648.510240,1.0366233587265,1
1154,112737.426380,1.03955316543579,1
1155,112852.470500,1.0466947555542,1
1156,112946.066360,1.05090641975403,1
1157,113035.055320,1.05365312099457,1
1158,113123.264180,1.05768179893494,1
1159,113233.552700,1.06225967407227,1
1160,113346.032660,1.06940126419067,1
1161,113434.703800,1.07013368606567,1
1162,113523.267640,1.074711561203,1
1163,113631.026720,1.07910645008087,1
1164,113734.113720,1.08313500881195,1
1165,113822.446800,1.08624792098999,1
1166,113910.661680,1.08972716331482,1
1167,114017.555540,1.0941219329834,1
1168,114125.738100,1.09760117530823,1
1169,114215.014940,1.09998166561127,1
1170,114309.859020,1.1038271188736,1
1171,114414.969140,1.10785567760468,1
1172,114520.077060,1.1106024980545,1
1173,114608.582880,1.11298298835754,1
1174,114696.831060,1.11536347866058,1
1175,114795.714220,1.11792707443237,1
1176,114905.774580,1.1214063167572,1
1177,114994.021500,1.12287127971649,1
1178,115088.872860,1.12598431110382,1
1179,115183.944200,1.12763226032257,1
1180,115299.750040,1.12946343421936,1
1181,115394.477060,1.12964653968811,1
1182,115482.497140,1.13294267654419,1
1183,115573.590580,1.13532316684723,1
1184,115689.031580,1.13605570793152,1
1185,115780.289220,1.13642191886902,1
1186,115868.742600,1.13898551464081,1
1187,115962.783220,1.1404504776001,1
1188,116077.290140,1.14209854602814,1
1189,116173.332700,1.14319717884064,1
1190,116264.523680,1.14319717884064,1
1191,116356.791040,1.14447903633118,1
1192,116467.113120,1.14649331569672,1
1193,116567.317380,1.14649331569672,1
1194,116655.924900,1.14795827865601,1
1195,116744.363600,1.14740884304047,1
1196,116847.735360,1.1494232416153,1
1197,116959.587360,1.14740884304047,1
1198,117048.589760,1.1497894525528,1
1199,117136.657780,1.14869070053101,1
1200,117231.035900,1.1497894525528,1
1201,117346.837180,1.15070497989655,1
1202,117440.765280,1.14905691146851,1
1203,117529.383820,1.14869070053101,1
1204,117617.798740,1.1494232416153,1
1205,117731.240100,1.15107119083405,1
1206,117833.494660,1.1505218744278,1
1207,117921.702260,1.1494232416153,1
1208,118010.010320,1.14905691146851,1
1209,118118.686200,1.1494232416153,1
1210,118219.455840,1.1501556634903,1
1211,118314.048940,1.1497894525528,1
1212,118402.446520,1.15033876895905,1
1213,118510.821780,1.14905691146851,1
1214,118615.658280,1.14869070053101,1
1215,118707.570680,1.14960634708405,1
1216,118795.678140,1.15033876895905,1
1217,118900.761900,1.14869070053101,1
1218,119004.776840,1.1497894525528,1
1219,119093.059620,1.14887380599976,1
1220,119181.336380,1.14777517318726,1
1221,119280.429820,1.14887380599976,1
1222,119395.748480,1.14887380599976,1
1223,119486.500200,1.14740884304047,1
1224,119581.642040,1.14777517318726,1
1225,119671.290600,1.14777517318726,1
1226,119786.563040,1.14740884304047,1
1227,119880.651400,1.14667642116547,1
1228,119969.310240,1.14777517318726,1
1229,120058.062480,1.14667642116547,1
1230,120167.592840,1.14576089382172,1
1231,120269.967500,1.14667642116547,1
1232,120364.728580,1.14649331569672,1
1233,120458.974440,1.14631021022797,1
1234,120565.589000,1.14631021022797,1
1235,120669.303460,1.14740884304047,1
1236,120757.902640,1.14612710475922,1
1237,120845.968100,1.14484524726868,1
1238,120948.438760,1.14576089382172,1
1239,121055.746820,1.14466214179993,1
1240,121144.382200,1.14447903633118,1
1241,121232.777900,1.14539456367493,1
1242,121337.059860,1.14466214179993,1
1243,121452.514080,1.14576089382172,1
1244,121543.899740,1.14466214179993,1
1245,121632.485000,1.14209854602814,1
1246,121720.690480,1.14301407337189,1
1247,121831.565720,1.14338028430939,1
1248,121929.675920,1.14374661445618,1
1249,122018.052500,1.14319717884064,1
1250,122106.776560,1.14209854602814,1
1251,122211.790780,1.14319717884064,1
1252,122327.564700,1.14173233509064,1
1253,122416.704480,1.1408166885376,1
1254,122505.434300,1.1415491104126,1
1255,122606.983400,1.14228165149689,1
1256,122715.924280,1.1415491104126,1
1257,122804.421820,1.13990116119385,1
1258,122892.442380,1.1404504776001,1
1259,122989.341780,1.13935172557831,1
1260,123101.981060,1.1400842666626,1
1261,123195.787860,1.13935172557831,1
1262,123291.043260,1.1400842666626,1
1263,123385.031140,1.13770377635956,1
1264,123501.357680,1.13825309276581,1
1265,123589.442380,1.13843619823456,1
1266,123678.101020,1.13806998729706,1
1267,123766.595020,1.13806998729706,1
1268,123882.013240,1.13752055168152,1
1269,123975.734640,1.13532316684723,1
1270,124070.675760,1.13495695590973,1
1271,124159.324880,1.13440763950348,1
1272,124271.300480,1.13367509841919,1
1273,124376.375640,1.13587260246277,1
1274,124464.719940,1.13330888748169,1
1275,124553.371760,1.13422453403473,1
1276,124660.703860,1.13404142856598,1
1277,124763.082540,1.13275957107544,1
1278,124851.791580,1.13129460811615,1
1279,124945.804100,1.1311115026474,1
1280,125048.918320,1.12946343421936,1
1281,125155.560300,1.12854790687561,1
1282,125244.390020,1.12836480140686,1
1283,125339.308740,1.12708294391632,1
1284,125438.543960,1.12708294391632,1
1285,125549.833260,1.12396991252899,1
1286,125638.721400,1.12323749065399,1
1287,125727.051540,1.12396991252899,1
1288,125820.807400,1.12158942222595,1
1289,125935.638560,1.1210401058197,1
1290,126031.101860,1.1203076839447,1
1291,126119.523800,1.11756086349487,1
1292,126207.874800,1.11554658412933,1
1293,126314.799940,1.11463105678558,1
1294,126423.862400,1.11316609382629,1
1295,126512.740620,1.11243367195129,1
1296,126601.002260,1.11005306243896,1
1297,126694.004760,1.10913753509521,1
1298,126809.731980,1.10584139823914,1
1299,126904.810940,1.10364401340485,1
1300,126993.024940,1.10291159152985,1
1301,127082.635440,1.10254538059235,1
1302,127197.913360,1.09998166561127,1
1303,127298.103900,1.09869992733002,1
1304,127387.060980,1.09631931781769,1
1305,127475.278920,1.09467124938965,1
1306,127587.561640,1.09082591533661,1
1307,127691.924620,1.09064269065857,1
1308,127780.479920,1.08716356754303,1
1309,127868.752160,1.08624792098999,1
1310,127977.422080,1.08350121974945,1
1311,128078.915740,1.08185315132141,1
1312,128167.628900,1.07874011993408,1
1313,128255.920000,1.07745838165283,1
1314,128366.745640,1.07544410228729,1
1315,128471.765760,1.07178175449371,1
1316,128566.504260,1.07141554355621,1
1317,128655.296660,1.06940126419067,1
1318,128754.923300,1.06702065467834,1
1319,128865.075720,1.06482326984406,1
1320,128953.664560,1.06171035766602,1
1321,129042.416820,1.05969607830048,1
1322,129136.695740,1.05804800987244,1
1323,129251.956860,1.05530118942261,1
1324,129347.492780,1.05328691005707,1
1325,129441.562460,1.05072331428528,1
1326,129534.043000,1.04870903491974,1
1327,129649.396720,1.04614543914795,1
1328,129739.835220,1.04468047618866,1
1329,129834.557180,1.04065191745758,1
1330,129947.310800,1.03863763809204,1
1331,130059.606680,1.036989569664,1
1332,130170.032320,1.03332722187042,1
1333,130282.366520,1.03222858905792,1
1334,130395.700040,1.02856624126434,1
